Series Name,Series Code,Country Name,Country Code,1960 [YR1960],1961 [YR1961],1962 [YR1962],1963 [YR1963],1964 [YR1964],1965 [YR1965],1966 [YR1966],1967 [YR1967],1968 [YR1968],1969 [YR1969],1970 [YR1970],1971 [YR1971],1972 [YR1972],1973 [YR1973],1974 [YR1974],1975 [YR1975],1976 [YR1976],1977 [YR1977],1978 [YR1978],1979 [YR1979],1980 [YR1980],1981 [YR1981],1982 [YR1982],1983 [YR1983],1984 [YR1984],1985 [YR1985],1986 [YR1986],1987 [YR1987],1988 [YR1988],1989 [YR1989],1990 [YR1990],1991 [YR1991],1992 [YR1992],1993 [YR1993],1994 [YR1994],1995 [YR1995],1996 [YR1996],1997 [YR1997],1998 [YR1998],1999 [YR1999],2000 [YR2000],2001 [YR2001],2002 [YR2002],2003 [YR2003],2004 [YR2004],2005 [YR2005],2006 [YR2006],2007 [YR2007],2008 [YR2008],2009 [YR2009],2010 [YR2010],2011 [YR2011],2012 [YR2012],2013 [YR2013],2014 [YR2014],2015 [YR2015],2016 [YR2016],2017 [YR2017],2018 [YR2018],2019 [YR2019],2020 [YR2020],2021 [YR2021],2022 [YR2022],2023 [YR2023]
"Population, total",SP.POP.TOTL,United States,USA,180671000,183691000,186538000,189242000,191889000,194303000,196560000,198712000,200706000,202677000,205052000,207661000,209896000,211909000,213854000,215973000,218035000,220239000,222585000,225055000,227225000,229466000,231664000,233792000,235825000,237924000,240133000,242289000,244499000,246819000,249623000,252981000,256514000,259919000,263126000,266278000,269394000,272657000,275854000,279040000,282162411,284968955,287625193,290107933,292805298,295516599,298379912,301231207,304093966,306771529,309327143,311583481,313877662,316059947,318386329,320738994,323071755,325122128,326838199,328329953,331526933,332048977,333271411,334914895
Population growth (annual %),SP.POP.GROW,United States,USA,..,1.657730037,1.537997358,1.439164762,1.389046055,1.250171646,1.154893191,1.088881207,0.998461044,0.977242812,1.165002667,1.264333692,1.070522752,0.954476729,0.913660196,0.985986067,0.950220049,1.005771996,1.05957308,1.103576565,0.959589923,0.981415437,0.953317566,0.914378513,0.865817336,0.886129041,0.924164157,0.893829201,0.90799904,0.944405555,1.12965052,1.336260741,1.386885692,1.31868,1.226296089,1.190787091,1.16341162,1.203960297,1.165714526,1.148340047,1.112768997,0.989741382,0.927797486,0.859481713,0.925483969,0.921713167,0.964253917,0.951055243,0.945865287,0.876651299,0.829616675,0.726786705,0.733599941,0.692860277,0.73336152,0.736217309,0.724676067,0.632643995,0.526435396,0.455381286,0.968999516,0.157342694,0.367472694,0.491924872
Surface area (sq. km),AG.SRF.TOTL.K2,United States,USA,..,9629090,9629090,9629090,9629090,9629090,9629090,9629090,9629090,9629090,9629090,9629090,9629090,9629090,9629090,9629090,9629090,9629090,9629090,9629090,9629090,9629090,9629090,9629090,9629090,9629090,9629090,9629090,9629090,9629090,9629090,9629090,9629090,9629090,9629090,9629090,9629090,9629090,9629090,9629090,9632030,9632030,9632030,9632030,9632030,9632030,9632030,9632030,9831510,9831510,9831510,9831510,9831510,9831510,9831510,9831510,9831510,9831510,9831510,9831510,9831510,9831510,9831510,..
Poverty headcount ratio at national poverty lines (% of population),SI.POV.NAHC,United States,USA,..,..,..,..,..,..,..,..,..,..,..,..,..,..,..,..,..,..,..,..,..,..,..,..,..,..,..,..,..,..,..,..,..,..,..,..,..,..,..,..,..,..,..,..,..,..,..,..,..,..,..,..,..,..,..,..,..,..,..,..,..,..,..,..
"GNI, Atlas method (current US$)",NY.GNP.ATLS.CD,United States,USA,..,..,6.07686E+11,6.41492E+11,6.87248E+11,7.47767E+11,8.18136E+11,8.61924E+11,9.45048E+11,1.02045E+12,1.07475E+12,1.16873E+12,1.31752E+12,1.54465E+12,1.7075E+12,1.83761E+12,1.95401E+12,2.11284E+12,2.3956E+12,2.74571E+12,3.04156E+12,3.2962E+12,3.2939E+12,3.4058E+12,3.82185E+12,4.1549E+12,4.58833E+12,5.18344E+12,5.74422E+12,5.86645E+12,6.00641E+12,6.14091E+12,6.58748E+12,6.85896E+12,7.27744E+12,7.73286E+12,8.15541E+12,8.52832E+12,8.83699E+12,9.39845E+12,1.01479E+13,1.04623E+13,1.07347E+13,1.15375E+13,1.27443E+13,1.36511E+13,1.42783E+13,1.46179E+13,1.49352E+13,1.46971E+13,1.5215E+13,1.57865E+13,1.65378E+13,1.70231E+13,1.7725E+13,1.81241E+13,1.84339E+13,1.92248E+13,2.07092E+13,2.17421E+13,2.14248E+13,2.37414E+13,2.58152E+13,2.6945E+13
"GNI per capita, Atlas method (current US$)",NY.GNP.PCAP.CD,United States,USA,..,..,3260,3390,3580,3850,4160,4340,4710,5030,5240,5630,6280,7290,7980,8510,8960,9590,10760,12200,13390,14360,14220,14570,16210,17460,19110,21390,23490,23770,24060,24270,25680,26390,27660,29040,30270,31280,32040,33680,35960,36710,37320,39770,43520,46190,47850,48530,49110,47910,49190,50670,52690,53860,55670,56510,57060,59130,63360,66220,64620,71500,77460,80450
"GNI, PPP (current international $)",NY.GNP.MKTP.PP.CD,United States,USA,..,..,..,..,..,..,..,..,..,..,..,..,..,..,..,..,..,..,..,..,..,..,..,..,..,..,..,..,..,..,5.90248E+12,6.09701E+12,6.43589E+12,6.73429E+12,7.17096E+12,7.57554E+12,8.04696E+12,8.5906E+12,9.13663E+12,9.69139E+12,1.03852E+13,1.0749E+13,1.10566E+13,1.15391E+13,1.2322E+13,1.3171E+13,1.40718E+13,1.45576E+13,1.47239E+13,1.44366E+13,1.51852E+13,1.5862E+13,1.66403E+13,1.71407E+13,1.79842E+13,1.86081E+13,1.89834E+13,1.98372E+13,2.08834E+13,2.17648E+13,2.14581E+13,2.38322E+13,2.62318E+13,2.75761E+13
"GNI per capita, PPP (current international $)",NY.GNP.PCAP.PP.CD,United States,USA,..,..,..,..,..,..,..,..,..,..,..,..,..,..,..,..,..,..,..,..,..,..,..,..,..,..,..,..,..,..,23650,24100,25090,25910,27250,28450,29870,31510,33120,34730,36810,37720,38440,39780,42080,44570,47160,48330,48420,47060,49090,50910,53020,54230,56490,58020,58760,61010,63900,66290,64720,71770,78710,82340
Income share held by lowest 20%,SI.DST.FRST.20,United States,USA,..,..,..,5.7,5.7,5.8,5.6,6,6.1,6.2,6,6,5.9,6,6.2,6.1,6.2,6.3,6.3,6.5,6.5,6.3,5.9,5.6,5.7,5.7,5.6,5.7,5.7,5.7,5.7,5.7,5.6,5.3,5.5,5.6,5.5,5.5,5.5,5.6,5.6,5.5,5.4,5.3,5.4,5.4,5.3,5.3,5.3,5.5,5.4,5.3,5.3,5.4,5.3,5.4,5.3,5.3,5.3,5.2,5.7,6.1,5.2,..
"Life expectancy at birth, total (years)",SP.DYN.LE00.IN,United States,USA,69.77073171,70.27073171,70.1195122,69.91707317,70.16585366,70.21463415,70.21219512,70.56097561,69.95121951,70.50731707,70.80731707,71.10731707,71.15609756,71.35609756,71.95609756,72.60487805,72.85609756,73.25609756,73.35609756,73.80487805,73.6097561,74.0097561,74.36097561,74.46341463,74.56341463,74.56341463,74.61463415,74.76585366,74.76585366,75.01707317,75.21463415,75.36585366,75.61707317,75.4195122,75.6195122,75.62195122,76.02682927,76.42926829,76.5804878,76.58292683,76.63658537,76.83658537,76.93658537,77.03658537,77.48780488,77.48780488,77.68780488,77.98780488,78.03902439,78.3902439,78.54146341,78.64146341,78.74146341,78.74146341,78.84146341,78.6902439,78.53902439,78.53902439,78.63902439,78.78780488,76.9804878,76.32926829,77.43414634,..
"Fertility rate, total (births per woman)",SP.DYN.TFRT.IN,United States,USA,3.654,3.62,3.461,3.319,3.19,2.913,2.721,2.558,2.464,2.456,2.48,2.266,2.01,1.879,1.835,1.774,1.738,1.79,1.76,1.808,1.8395,1.812,1.8275,1.799,1.8065,1.844,1.8375,1.872,1.934,2.014,2.081,2.0625,2.046,2.0195,2.0015,1.978,1.976,1.971,1.999,2.0075,2.056,2.0305,2.0205,2.0475,2.0515,2.057,2.108,2.12,2.072,2.002,1.931,1.8945,1.8805,1.8575,1.8625,1.8435,1.8205,1.7655,1.7295,1.706,1.6415,1.664,1.665,..
"Adolescent fertility rate (births per 1,000 women ages 15-19)",SP.ADO.TFRT,United States,USA,88.011,87.006,80.034,73.273,70.882,71.214,72.406,68.94,66.534,65.81,67,64.488,62.025,59.823,58.38,56.502,54.143,54.158,53.086,54.03,54.872,54.401,54.512,53.269,51.939,51.447,50.52,51.361,54.55,58.839,61.513,61.656,59.872,58.309,56.951,54.794,52.583,50.691,49.861,48.664,47.501,44.958,42.602,40.987,40.173,39.473,40.349,40.808,40.059,38.137,34.856,31.723,29.387,26.528,24.192,22.031,20.08,18.491,17.164,16.202,14.719,13.724,13.628,..
"Contraceptive prevalence, any method (% of married women ages 15-49)",SP.DYN.CONU.ZS,United States,USA,..,..,..,..,..,66.5,..,..,..,..,67.6,..,..,69.6,..,79,67.7,..,..,..,..,..,69.7,..,..,..,..,..,74.3,..,70.7,..,..,..,..,76.4,..,..,..,..,..,..,72.8,..,..,..,..,77.1,76.4,..,..,..,..,..,72.7,..,75.9,..,73.9,..,..,..,..,..
Births attended by skilled health staff (% of total),SH.STA.BRTC.ZS,United States,USA,..,..,..,..,..,..,..,..,..,..,..,..,..,..,..,..,..,..,..,..,..,..,..,..,..,..,..,..,..,99,99.2,99.2,99.3,99.4,99.4,99.4,99.4,99.4,99.4,99.4,99.4,99.4,99.5,99.3,99.3,99.4,99.4,99.3,99.3,99.3,99.4,99.3,99.3,99.2,98.5,99.1,99.1,99.1,99.1,99,99.1,..,..,..
"Mortality rate, under-5 (per 1,000 live births)",SH.DYN.MORT,United States,USA,30.1,29.5,28.9,28.3,27.7,27.1,26.4,25.7,24.9,24.1,23.2,22.4,21.5,20.6,19.7,18.8,17.9,17.1,16.3,15.6,15,14.4,13.9,13.4,13,12.7,12.4,12.1,11.9,11.6,11.2,10.9,10.5,10.1,9.8,9.5,9.2,9,8.8,8.6,8.5,8.3,8.2,8.1,8.1,8,7.9,7.7,7.6,7.5,7.3,7.2,7.1,7,6.9,6.8,6.7,6.6,6.5,6.5,6.4,6.3,6.3,..
"Prevalence of underweight, weight for age (% of children under 5)",SH.STA.MALN.ZS,United States,USA,..,..,..,..,..,..,..,..,..,..,..,..,..,..,..,..,..,..,..,..,..,..,..,..,..,..,..,..,..,..,..,0.8,..,..,..,..,..,..,..,..,1.1,..,0.8,..,1.3,..,0.7,..,0.7,..,1,..,0.5,..,0.7,..,1.4,..,0.4,..,..,..,..,..
"Immunization, measles (% of children ages 12-23 months)",SH.IMM.MEAS,United States,USA,..,..,..,..,..,..,..,..,..,..,..,..,..,..,..,..,..,..,..,..,86,97,97,98,98,97,97,82,98,94,90,87,83,84,89,88,91,91,92,92,91,91,91,93,93,92,92,92,92,90,92,92,91,92,92,92,92,91,92,90,91,92,92,92
"Primary completion rate, total (% of relevant age group)",SE.PRM.CMPT.ZS,United States,USA,..,..,..,..,..,..,..,..,..,..,..,..,..,..,..,..,..,..,..,..,..,..,..,..,..,..,..,..,..,..,..,..,..,..,..,..,..,..,..,..,..,..,..,..,..,..,..,..,..,..,..,..,..,..,..,..,..,98.8321991,100.0926971,100.4890518,100.9236679,101.0912781,95.74352264,..
"School enrollment, secondary (% gross)",SE.SEC.ENRR,United States,USA,..,..,..,..,..,..,..,..,..,..,..,86.1326828,87.37117004,..,87.10720062,87.09545135,87.38085175,87.87489319,88.04930115,82.39852142,96.38166809,95.34577179,98.48539734,97.49349976,98.13672638,96.34558105,96.92273712,97.32389832,..,..,96.05413055,94.90640259,..,96.26238251,96.18092346,94.22943878,93.95198822,..,94.49019623,94.41918945,..,..,..,..,..,95.0524826,..,..,..,..,..,..,..,96.18649292,96.92453766,97.65254974,98.76992798,98.95233917,99.27558136,100.0634308,100.509819,101.1924896,97.47348785,..
"School enrollment, primary and secondary (gross), gender parity index (GPI)",SE.ENR.PRSC.FM.ZS,United States,USA,..,..,..,..,..,..,..,..,..,..,..,..,..,..,..,..,..,..,..,..,..,1.038869977,1.032320023,1.020689964,1.022760034,1.020699978,1.02294004,1.011559963,..,..,0.997739971,0.998380005,..,0.988919973,0.991439998,1.001360059,0.993629992,..,1.031209946,..,..,..,..,..,..,1.00387001,..,..,..,..,..,..,..,0.997099996,1.004230022,1.005079985,0.996259987,0.993629992,0.994700015,0.994910002,0.986829996,..,..,..
"Prevalence of HIV, total (% of population ages 15-49)",SH.DYN.AIDS.ZS,United States,USA,..,..,..,..,..,..,..,..,..,..,..,..,..,..,..,..,..,..,..,..,..,..,..,..,..,..,..,..,..,..,..,..,..,..,..,..,..,..,..,..,..,..,..,..,..,..,..,..,..,..,0.4,0.4,0.4,0.4,0.4,0.4,0.4,0.4,0.4,0.4,0.4,0.4,..,..
Forest area (sq. km),AG.LND.FRST.K2,United States,USA,..,..,..,..,..,..,..,..,..,..,..,..,..,..,..,..,..,..,..,..,..,..,..,..,..,..,..,..,..,..,3024500,3025586,3026672,3027758,3028844,3029930,3031016,3032102,3033188,3034274,3035360,3040544,3045728,3050912,3056096,3061280,3066464,3071648,3076832,3082016,3087200,3089950,3092700,3095450,3098200,3100950,3100950,3097950,3097950,3097950,3097950,3097950,3097950,..
"Water productivity, total (constant 2015 US$ GDP per cubic meter of total freshwater withdrawal)",ER.GDP.FWTL.M3.KD,United States,USA,..,..,..,..,..,..,..,..,..,..,..,..,..,..,..,..,..,..,..,..,13.64474783,14.13437528,14.02322515,14.81944602,16.05985514,16.90823488,17.68264511,18.49324664,19.47837442,20.41906635,21.03899813,20.97787178,21.67727239,22.23330187,23.08712353,23.66394784,24.51234258,25.55623875,26.65386266,27.87994473,28.97081229,29.17985105,29.61364199,30.37765047,31.48046094,32.50903103,34.27066652,35.8769291,36.8879903,36.93537352,39.02339199,39.14591097,39.56423006,39.92574523,40.45637156,41.16826974,41.91730643,42.9474755,44.22151454,45.36412123,44.38288207,47.07028907,..,..
Energy use (kg of oil equivalent per capita),EG.USE.PCAP.KG.OE,United States,USA,5641.740755,5612.079503,5774.586315,5986.783954,6136.93823,6307.890202,6591.340558,6809.820484,7073.478949,7332.368547,7569.076595,7644.524802,7940.997832,8163.603792,7909.58648,7656.263579,8100.562222,8285.570898,8438.403077,8327.041705,7942.253018,7647.538054,7259.078899,7199.118533,7443.320017,7456.262903,7376.096238,7622.173017,7849.75397,7890.287202,7671.773066,7631.467806,7677.401401,7709.496589,7757.830822,7763.755106,7844.468266,7828.581096,7803.697605,7923.223893,8056.86385,7827.886325,7843.344849,7794.23553,7881.578642,7846.499688,7697.652535,7758.165986,7488.081921,7056.783653,7161.426552,7029.954601,6872.027284,6905.598633,6960.683997,6803.996607,..,..,..,..,..,..,..,..
Electric power consumption (kWh per capita),EG.USE.ELEC.KH.PC,United States,USA,4049.786629,4182.175501,4433.606021,4690.486256,4970.446456,5234.685002,5590.33374,5888.340915,6385.459329,6904.8338,7236.657043,7517.304646,8076.409269,8573.194154,8449.928456,8522.394003,8968.775655,9337.724018,9560.54541,9700.695386,9862.365497,9976.693715,9544.460943,9742.005714,10282.37464,10414.2079,10424.4273,10886.85826,11298.33251,11531.93231,11713.3317,12134.17213,12014.95825,12261.52378,12455.16217,12659.60763,12854.29891,12889.83228,13154.76303,13281.86998,13671.05202,13046.61415,13296.1823,13307.49201,13388.58971,13704.57705,13583.26696,13657.45283,13663.42797,12913.71469,13394.90276,13245.88193,12964.18794,13004.02357,12993.96558,..,..,..,..,..,..,..,..,..
GDP (current US$),NY.GDP.MKTP.CD,United States,USA,5.41989E+11,5.6194E+11,6.03639E+11,6.37059E+11,6.84145E+11,7.41905E+11,8.13033E+11,8.5962E+11,9.40225E+11,1.01744E+12,1.0733E+12,1.16485E+12,1.27911E+12,1.42538E+12,1.54524E+12,1.6849E+12,1.87341E+12,2.08183E+12,2.3516E+12,2.62733E+12,2.85731E+12,3.20704E+12,3.34379E+12,3.63404E+12,4.03761E+12,4.33898E+12,4.57963E+12,4.85522E+12,5.23644E+12,5.64158E+12,5.96314E+12,6.15813E+12,6.52033E+12,6.85856E+12,7.28724E+12,7.63975E+12,8.07312E+12,8.57755E+12,9.06282E+12,9.63117E+12,1.0251E+13,1.05819E+13,1.09291E+13,1.14565E+13,1.22172E+13,1.30392E+13,1.38156E+13,1.44742E+13,1.47699E+13,1.44781E+13,1.5049E+13,1.55997E+13,1.6254E+13,1.68807E+13,1.76081E+13,1.8295E+13,1.88049E+13,1.96121E+13,2.06565E+13,2.154E+13,2.13541E+13,2.36812E+13,2.60069E+13,2.77207E+13
GDP growth (annual %),NY.GDP.MKTP.KD.ZG,United States,USA,..,2.3,6.1,4.4,5.8,6.4,6.5,2.5,4.8,3.1,0.216606498,3.292722455,5.255501951,5.645679766,-0.540550187,-0.205619193,5.388033896,4.624186517,5.535206478,3.165988229,-0.256775732,2.537701267,-1.803013788,4.583790986,7.236453159,4.169575347,3.462655053,3.454629665,4.176982398,3.672237836,1.885965585,-0.108312889,3.522497184,2.751795862,4.029022729,2.684430735,3.772772686,4.447127942,4.483133346,4.788425053,4.077585758,0.955538346,1.700447324,2.795605966,3.847771692,3.483549938,2.784539639,2.003858298,0.113587248,-2.576500234,2.695192584,1.564406854,2.289113388,2.117830099,2.523819814,2.945550455,1.819451475,2.457622303,2.966505069,2.58382533,-2.163029139,6.055052933,2.51237532,2.887556009
"Inflation, GDP deflator (annual %)",NY.GDP.DEFL.KD.ZG,United States,USA,..,1.350153896,1.244634712,1.088386011,1.503939679,1.919825811,2.898778535,3.151279366,4.367188241,4.95848845,5.262728476,5.069807507,4.32612666,5.479923441,8.998693009,9.262790663,5.503491913,6.213332716,7.033930656,8.296721982,9.033105388,9.462164087,6.17840415,3.916908785,3.607879313,3.162525256,2.013892536,2.477388467,3.527499859,3.920759481,3.743329099,3.381811336,2.278854346,2.370324836,2.135198418,2.096688487,1.830764559,1.724447954,1.123865625,1.415098117,2.265195177,2.251689916,1.55399466,1.974314705,2.689087603,3.135454557,3.083836734,2.709258487,1.926709699,0.616780715,1.215286682,2.063109475,1.862164928,1.701880361,1.741618053,0.928042795,0.950322479,1.790803285,2.290890277,1.650465669,1.328832738,4.565985503,7.129480854,3.598391354
"Agriculture, forestry, and fishing, value added (% of GDP)",NV.AGR.TOTL.ZS,United States,USA,..,..,..,..,..,..,..,..,..,..,..,..,..,..,..,..,..,..,..,..,..,..,..,..,..,..,..,..,..,..,..,..,..,..,..,..,..,1.336912093,1.213997072,1.151241313,1.150554914,1.129257057,0.973712301,1.121046825,1.26548334,1.150506753,1.009487475,1.075123896,1.053000306,0.960285755,1.02943689,1.200558804,1.149329801,1.318150036,1.168240492,1.028904091,0.937140438,0.940362226,0.898498261,0.832620863,0.935800227,0.944732585,..,..
"Industry (including construction), value added (% of GDP)",NV.IND.TOTL.ZS,United States,USA,..,..,..,..,..,..,..,..,..,..,..,..,..,..,..,..,..,..,..,..,..,..,..,..,..,..,..,..,..,..,..,..,..,..,..,..,..,23.13210776,22.67056079,22.55860356,22.45157732,21.46900602,20.65247488,20.73946229,20.95003175,21.20627338,21.58696795,21.42388054,20.79350161,19.26847455,19.31024883,19.40749752,19.16261395,19.19889036,19.26843376,18.49671277,17.93687249,18.30874423,18.51954615,18.14548384,17.26767739,17.60817207,..,..
Exports of goods and services (% of GDP),NE.EXP.GNFS.ZS,United States,USA,..,..,..,..,..,..,..,..,..,..,5.563107529,5.405245311,5.538460336,6.68378028,8.196121904,8.232279109,7.980892617,7.654290032,7.947060702,8.759034352,9.82645547,9.517776667,8.469732989,7.622264819,7.489078324,6.98807254,7.009254676,7.495919336,8.49052352,8.938790197,9.254732068,9.660905122,9.708914906,9.547180392,9.893147416,10.63922388,10.74663556,11.11975771,10.51526253,10.30933722,10.69277273,9.703448209,9.131385654,9.035652405,9.628747873,9.98205641,10.64138951,11.4637893,12.42584392,10.93221906,12.34135543,13.56346378,13.64405127,13.55349188,13.50821421,12.41114863,11.88815923,12.17748103,12.28711076,11.78919741,10.07365563,10.7909782,11.60222792,11.01151129
Imports of goods and services (% of GDP),NE.IMP.GNFS.ZS,United States,USA,..,..,..,..,..,..,..,..,..,..,5.195177876,5.351933725,5.802159314,6.39543531,8.248864418,7.284094524,8.067953018,8.763604643,9.025773527,9.617128853,10.28338922,9.908136503,9.067079292,9.043328661,10.0333291,9.615833587,9.888722476,10.47766165,10.57957719,10.47632046,10.56033529,10.125543,10.2416796,10.49743831,11.16231175,11.81415777,11.94043643,12.30857009,12.31063145,13.00423251,14.41021283,13.26373481,13.15499856,13.59164488,14.81930878,15.65650093,16.3338963,16.54822627,17.4419436,13.82730858,15.87852751,17.27901479,17.03778831,16.3878144,16.39835512,15.2770653,14.56443856,14.9478572,15.15824837,14.46928321,13.00612224,14.42267783,15.28946191,13.88785186
Gross capital formation (% of GDP),NE.GDI.TOTL.ZS,United States,USA,..,..,..,..,..,..,..,..,..,..,21.41473563,21.919818,22.58062246,23.33180859,22.69494183,20.27747575,22.03839839,23.52626973,24.83178467,25.1111298,23.31027082,24.27686456,22.07008277,22.2529869,25.09581775,24.18834016,23.74062452,23.62023103,22.82780776,22.51379933,21.52921345,20.11060502,20.077582,20.39362787,21.27909677,21.27264914,21.70181499,22.4097155,22.95833624,23.41913321,23.67836665,22.17672222,21.72266026,21.74562801,22.65214539,23.37571861,23.53753005,22.55757613,21.03748837,17.76875325,18.67221354,19.03353852,19.95072588,20.37926428,20.90119353,21.41518957,20.88795625,21.15576902,21.56907293,21.66980919,21.41881854,21.33328204,21.94977309,21.54103273
"Revenue, excluding grants (% of GDP)",GC.REV.XGRT.GD.ZS,United States,USA,..,..,..,..,..,..,..,..,..,..,..,..,16.72178311,17.11408078,17.9661063,17.30840451,16.6033953,17.83578455,17.7143297,18.59756643,19.10470243,19.94954227,19.72642413,17.9777977,17.79070951,18.24046625,17.97240869,18.73902598,18.38215214,18.55065425,18.20583236,18.13131878,17.648348,18.04562737,18.25726517,18.78045993,18.95214763,19.41591261,19.8287133,19.78211997,20.57613771,19.50891468,17.38422202,16.77742931,16.84343445,17.92859023,18.62871295,18.65678294,17.71314993,15.66664804,16.40344313,16.62943504,16.74773978,18.74071209,18.85884527,18.99535879,18.54082122,19.20952736,17.47935857,17.29084732,17.74639724,18.66002066,19.36789335,17.16647002
Start-up procedures to register a business (number),IC.REG.PROC,United States,USA,..,..,..,..,..,..,..,..,..,..,..,..,..,..,..,..,..,..,..,..,..,..,..,..,..,..,..,..,..,..,..,..,..,..,..,..,..,..,..,..,..,..,..,..,..,..,..,..,..,..,..,..,..,6,6,6,6,6,6,6,..,..,..,..
Market capitalization of listed domestic companies (% of GDP),CM.MKT.LCAP.GD.ZS,United States,USA,..,..,..,..,..,..,..,..,..,..,..,..,..,..,..,41.77092582,47.13858991,40.0724172,36.654251,37.81747118,47.59018894,39.39958049,43.5692922,49.78028298,39.68086342,53.02763392,55.41805006,52.14532621,53.08839138,59.95188582,51.87613279,67.54641223,69.71803715,76.56243287,70.50327257,90.99809431,105.0460652,125.5619669,142.5889985,153.4329093,147.3790044,132.1466625,101.146681,124.5260587,133.6127073,130.3827565,141.6442035,137.6396711,78.47248525,104.1388035,114.8480629,100.262665,114.8539908,142.380812,149.5364768,137.0183852,145.4524183,163.7800102,147.3448526,158.2439919,194.6691831,205.0090265,154.9511521,..
Military expenditure (% of GDP),MS.MIL.XPND.GD.ZS,United States,USA,8.993124587,9.1560315,9.331672945,8.831891186,8.051281106,7.587247177,8.435300286,9.417795933,9.268454275,8.633263795,8.032743584,6.943069609,6.519756924,5.893870591,5.954111197,5.622679096,5.191071429,5.155617351,4.943087248,4.951991535,5.153537467,5.646541256,6.814057094,6.32114426,6.23641653,6.453219205,6.626522658,6.420274023,6.071277702,5.871206008,5.605175294,4.883429398,4.970466808,4.604350295,4.215264675,3.860245792,3.554982206,3.405562244,3.201558499,3.085676783,3.112242147,3.123809803,3.447618099,3.827161045,4.016312736,4.089231875,4.041342302,4.073350515,4.446595522,4.875768359,4.904023332,4.822441883,4.46170997,4.03266107,3.690960761,3.481428215,3.422587975,3.320540912,3.323866404,3.43456772,3.696009828,3.457977219,3.454919798,..
Mobile cellular subscriptions (per 100 people),IT.CEL.SETS.P2,United States,USA,0,..,..,..,..,0,..,..,..,..,0,..,..,..,..,0,0,0,0,0,0,..,..,..,0.039352779,0.14468149,0.28706876,0.513170208,0.854125086,1.432490449,2.129545117,3.004111275,4.323596882,6.186519908,9.202002036,12.71760532,16.37381226,20.30588082,25.09083926,30.82116044,38.76720665,45.01340879,49.17630521,55.18089359,62.87475074,68.62220987,76.59637266,82.34696473,85.47738005,88.90512135,91.6239454,94.75188415,96.26929679,97.28308055,100.1748375,102.3083933,103.3702501,103.1297891,104.847944,106.4140195,104.9353748,107.319451,110.1664718,..
High-technology exports (% of manufactured exports),TX.VAL.TECH.MF.ZS,United States,USA,..,..,..,..,..,..,..,..,..,..,..,..,..,..,..,..,..,..,..,..,..,..,..,..,..,..,..,..,..,..,..,..,..,..,..,..,..,..,..,..,..,..,..,..,..,..,..,29.89913516,28.41928061,24.36264469,22.61947752,20.62491616,20.1742507,20.18863537,20.48439822,21.39044804,22.4192942,19.26596996,18.48426993,18.68539393,19.49397616,19.90146141,20.5789833,21.84598784
Merchandise trade (% of GDP),TG.VAL.TOTL.GD.ZS,United States,USA,6.641652779,6.429152587,6.420057921,6.443363783,6.723139905,6.724177526,7.026039159,6.94341658,7.382594592,7.434751521,7.980318698,7.888655192,8.448139722,10.13030948,13.58459479,12.74476172,13.30678996,13.62232002,14.1135032,15.55143562,16.88831477,15.96696145,14.09556644,13.08508607,14.125648,13.16618495,13.30788441,13.97600312,14.93324279,15.1860649,15.2701159,15.10349978,15.36864639,15.57486055,16.49242593,17.743973,17.92488705,18.51579565,17.94685913,18.22454214,19.91247252,18.03338503,17.32376512,17.70025619,19.15787387,20.19900459,21.30958932,21.8913368,23.40528977,18.38186686,21.58073798,24.0294641,23.88479245,23.15459037,22.9046308,20.86837406,19.6819044,20.16484006,20.71115478,19.5478622,17.9444046,19.80313389,20.90564221,18.7335829
Net barter terms of trade index (2015 = 100),TT.PRI.MRCH.XD.WD,United States,USA,..,..,..,..,..,..,..,..,..,..,..,..,..,..,..,..,..,..,..,..,96.7032967,94.50549451,95.40229885,92.04545455,91.86046512,91.76470588,102.2988506,103.125,103.960396,102.9411765,102.7027027,103.6697248,103.6036036,103.8461538,104.6728972,105.1282051,103.4482759,103.7037037,104.8543689,104.950495,100,102.7979275,104.357067,102.8895769,101.2707722,97.18181818,95.92720971,96.5890183,91.79716629,98.98819562,97.08201893,94.59459459,94.68085106,95.34050179,95.86956522,100,100.0834725,99.594485,99.84264359,100.3187251,100,104.6546547,..,..
"External debt stocks, total (DOD, current US$)",DT.DOD.DECT.CD,United States,USA,..,..,..,..,..,..,..,..,..,..,..,..,..,..,..,..,..,..,..,..,..,..,..,..,..,..,..,..,..,..,..,..,..,..,..,..,..,..,..,..,..,..,..,..,..,..,..,..,..,..,..,..,..,..,..,..,..,..,..,..,..,..,..,..
Total debt service (% of GNI),DT.TDS.DECT.GN.ZS,United States,USA,..,..,..,..,..,..,..,..,..,..,..,..,..,..,..,..,..,..,..,..,..,..,..,..,..,..,..,..,..,..,..,..,..,..,..,..,..,..,..,..,..,..,..,..,..,..,..,..,..,..,..,..,..,..,..,..,..,..,..,..,..,..,..,..
Net migration,SM.POP.NETM,United States,USA,422708,580333,625617,639495,618635,644902,637692,585410,594514,523740,744902,833549,833543,783163,706978,655078,635590,577060,556521,503559,595916,583070,600149,662840,622793,598777,493082,480815,460778,400998,1084720,1202426,1304880,1228478,1179309,1173016,1141648,1116922,1225134,1156311,1248392,1312455,1336518,1331376,1313467,1369224,1347750,1371353,1416841,1387306,1594453,1624033,1632007,1663885,1672598,1722127,1889129,1864738,1764961,1774500,329769,674787,1319009,1322668
"Personal remittances, paid (current US$)",BM.TRF.PWKR.CD.DT,United States,USA,..,..,..,..,..,..,..,..,..,..,650000000,700000000,670000000,710000000,680000000,590000000,650000000,1060000000,1170000000,1220000000,1360000000,4720000000,5140000000,5450000000,5990000000,6330000000,8660000000,8806000000,9005000000,10220000000,11850000000,13919000000,16156300000,18041200000,20365700000,22181400000,23723200000,25593600000,27426700000,33346000000,34397000000,38219000000,40109000000,40943000000,44357000000,47751000000,50974000000,53039000000,55679000000,50555000000,50527000000,50854000000,52371000000,55003000000,57239000000,60719000000,62870000000,64114000000,66836000000,71583000000,66126000000,73551000000,87025000000,93031000000
"Foreign direct investment, net inflows (BoP, current US$)",BX.KLT.DINV.CD.WD,United States,USA,..,..,..,..,..,..,..,..,..,..,1220000000,770000000,1270000000,1930000000,3540000000,2310000000,2910000000,2920000000,5500000000,8050000000,16740000000,25680000000,21230000000,11500000000,25230000000,9630000000,30946000000,63235000000,56910000000,75780000000,71230000000,34550000000,30310000000,50230000000,55940000000,69080000000,97660000000,1.2215E+11,2.1115E+11,3.12449E+11,3.49125E+11,1.72496E+11,1.11055E+11,1.17106E+11,2.13641E+11,1.42344E+11,2.98463E+11,3.46613E+11,3.41092E+11,1.61083E+11,2.64039E+11,2.63497E+11,2.50345E+11,2.88131E+11,2.51856E+11,5.11434E+11,4.74388E+11,3.80823E+11,2.14715E+11,3.15984E+11,1.37066E+11,4.75805E+11,4.08982E+11,3.48784E+11
Net ODA received per capita (current US$),DT.ODA.ODAT.PC.ZS,United States,USA,..,..,..,..,..,..,..,..,..,..,..,..,..,..,..,..,..,..,..,..,..,..,..,..,..,..,..,..,..,..,..,..,..,..,..,..,..,..,..,..,..,..,..,..,..,..,..,..,..,..,..,..,..,..,..,..,..,..,..,..,..,..,..,..
GDP per capita (current US$),NY.GDP.PCAP.CD,United States,USA,2999.864872,3059.160821,3236.013112,3366.36979,3565.31443,3818.288251,4136.308296,4325.959351,4684.588403,5019.998186,5234.296666,5609.3826,6094.01799,6726.358956,7225.69136,7801.456664,8592.253537,9452.576519,10564.94822,11674.18187,12574.79151,13976.10539,14433.78773,15543.89372,17121.22548,18236.82773,19071.22719,20038.9411,21417.01193,22857.15443,23888.60001,24342.2589,25418.99078,26387.29373,27694.85342,28690.8757,29967.71272,31459.12997,32853.67259,34515.38131,36329.97026,37133.6204,37997.74243,39490.30239,41724.6412,44123.39965,46301.98765,48050.22741,48570.05943,47194.95009,48650.66432,50065.97895,51784.41147,53409.75078,55304.31553,57040.20821,58206.61419,60322.26142,63201.04585,65604.68152,64411.37318,71318.30736,78035.17536,82769.41221
"Foreign direct investment, net (BoP, current US$)",BN.KLT.DINV.CD,United States,USA,..,..,..,..,..,..,..,..,..,..,5270000000,4850000000,6060000000,7410000000,1620000000,11420000000,8410000000,8360000000,8870000000,16670000000,2300000000,-15570000000,-13456000000,-2730000000,-12410000000,-5950000000,-11422000000,-23438000000,-35209000000,-24800000000,-11290000000,14720000000,28460000000,32570000000,34050000000,40980000000,5360000000,-770000000,-36390000000,-64964000000,-1.62755E+11,-26455000000,67930000000,78112000000,1.60363E+11,-89753000000,-14662000000,1.77277E+11,2491000000,1.51514E+11,85789000000,1.73119E+11,1.26895E+11,1.04665E+11,1.35673E+11,-2.09363E+11,-1.74573E+11,28590000000,-3.45435E+11,-2.01057E+11,1.45265E+11,-1.33851E+11,-20472000000,1.053E+11
"Inflation, consumer prices (annual %)",FP.CPI.TOTL.ZG,United States,USA,1.457975986,1.070724148,1.198773348,1.239669421,1.278911565,1.585169264,3.015075377,2.772785623,4.271796153,5.4623862,5.838255338,4.292766688,3.272278247,6.177760064,11.0548048,9.143146865,5.744812635,6.501683995,7.630963839,11.25447113,13.54920197,10.33471534,6.131427,3.212435233,4.300535475,3.545644152,1.898047722,3.664563218,4.077741107,4.82700303,5.39795644,4.234963965,3.028819678,2.951656966,2.607441592,2.805419689,2.9312042,2.337689937,1.552279099,2.188027197,3.376857271,2.826171119,1.586031627,2.270094973,2.677236693,3.392746845,3.225944101,2.852672482,3.839100297,-0.355546266,1.640043442,3.156841569,2.069337265,1.464832656,1.622222977,0.118627136,1.261583206,2.130110004,2.442583297,1.812210075,1.233584396,4.697858864,8.002799821,4.116338384